Workbook

Sheet 0.안내
B2: Project Rent Reporting OS — 업무보고 표준양식 v1
B3: 보고란, 상대방이 더 좋은 의사결정을 할 수 있도록 필요한 정보를 구조화하여 전달하는 행위이다.
B5: 공유 vs 보고
C6: 공유 (Sharing) | D6: 보고 (Reporting)
B7: 목적 | C7: 정보를 전달한다 (알려주는 것) | D7: 의사결정을 가능하게 만든다 (판단하게 만드는 것)
B8: 예 | C8: 일정 공유·회의 내용 전달·변경사항 전달 | D8: 진행 보고·이슈 보고·승인 요청
B9: 필수 요소 | C9: 사실 | D9: 현재 상태 + 문제 + 판단 근거 + 요청사항
B11: 시트 구성과 제출 주기
B12: 시트 | C12: 용도 | D12: 작성 주기
B13: 1.코드표 | C13: 6-Layer 정의·분류 기준·Report Score 배점 (드롭다운 원천) | D13: 수정 금지 (참조용)
B14: 2.일일보고 | C14: 매일의 업무보고 — 1업무 1행, ★최중요 1~2개 표시 | D14: 매일 퇴근 전
B15: 3.주간보고 | C15: 프로젝트 단위 7블록 — 한 주의 '변화'를 기록 | D15: 매주 금요일
B16: 4.작성예시 | C16: 실제 축적 데이터 기반 Before→After + 잘 쓴 예시 | D16: 참조용
B17: 5.ReportScore | C17: 보고 품질 100점 자가채점 + Thinking Cost 기록 | D17: 매일 제출 직전 1분
B19: 색상 규칙
B20: 노란 배경 = 직접 입력하는 칸 | C20: 회색 배경 = 자동 계산·참조 (수정 금지)
B22: · 공란과 "없음"은 다르다 — Risk·Decision·Support는 해당 없다고 판단했으면 반드시 "없음"이라고 쓴다.
B23: · Decision 요청은 옵션 + 추천안 + 기한이 한 세트다. "컨펌 필요"만 쓰면 대표는 되물을 수밖에 없다.
B24: · 좋은 보고 = 대표의 추가 질문이 없는 보고. 보고의 KPI는 완료율이 아니라 추가 질문 감소율이다.
B25: · 기준 문서: 20-operations/26-reporting-os/reporting-os-보고체계-정의-v1.md

Sheet 1.코드표
B2: 분류 기준 (드롭다운 원천 — 수정 금지)
B4: 카테고리 | C4: 상태 | D4: 근거구분 | E4: ★최중요
B5: 기획 | C5: 완료 | D5: 사실 | E5: ★
B6: 리서치 | C6: 진행중 | D6: 의견
B7: 실행 | C7: 예정 | D7: 혼합
B8: 커뮤니케이션
B9: 관리
B10: 교육
B11: 기타
B14: 6-Layer 정보분류체계
B16: Layer | C16: 한글 | D16: 답해야 할 질문
B17: 1. Context | C17: 맥락 | D17: 이 프로젝트가 무엇인가? 왜 하는가? 목표가 무엇인가?
B18: 2. Progress | C18: 진행 | D18: 현재 어디까지 왔는가? 무엇이 끝났고 무엇이 안 끝났는가?
B19: 3. Thinking | C19: 판단 | D19: 왜 그렇게 판단했는가? 근거는? 사실인가 의견인가?
B20: 4. Priority | C20: 우선순위 | D20: 무엇이 가장 중요한가? 지금 하나만 해결한다면?
B21: 5. Risk | C21: 리스크 | D21: 무엇이 문제인가? 막힌 것은? 예상되는 위험은?
B22: 6. Decision | C22: 결정 | D22: 대표가 무엇을 결정해야 하는가? 승인·지원이 필요한가?
B25: Report Score 배점표 (합계 100)
B27: 항목 | C27: 배점 | D27: 만점 기준
B28: 맥락 (Context) | C28: 20 | D28: 프로젝트명 + 왜 하는지가 있다
B29: 목표 명확성 (Objective) | C29: 10 | D29: 목표 대비 % 또는 성공 기준이 숫자·상태로 있다
B30: 근거 (Evidence) | C30: 15 | D30: 판단마다 사실/의견이 구분돼 있다
B31: 우선순위 (Priority) | C31: 15 | D31: 오늘 최중요 1~2개 + 내일 최중요 1개가 표시돼 있다
B32: 리스크 (Risk) | C32: 10 | D32: 발생한 문제 + 예상 위험 + 대응이 있다 ("없음" 명시 포함)
B33: 결정 요청 (Decision) | C33: 20 | D33: 옵션 + 추천안 + 기한이 있다 ("없음" 명시 포함)
B34: 지원 요청 (Support) | C34: 10 | D34: 무엇이·언제까지·왜 필요한지 있다 ("없음" 명시 포함)
B35: 합계 | C35: =SUM(C28:C34)
B38: Thinking Cost (추가 질문 수 → 별점)
B40: 추가 질문 수 | C40: 별점 | D40: 의미
B41: 0개 | C41: ★★★★★ (5) | D41: 보고만으로 판단 완결 — 목표 상태
B42: 1~2개 | C42: ★★★★ (4) | D42: 거의 완결, 디테일 보완
B43: 3~4개 | C43: ★★★ (3) | D43: 구조는 있으나 근거·옵션 부족
B44: 5개 | C44: ★★ (2) | D44: 보고가 생각을 덜 했다
B45: 6개 이상 | C45: ★ (1) | D45: 업무일지 수준 — 재작성 대상

Sheet 2.일일보고
A1: 날짜 | B1: 이름 | C1: 팀 | D1: 프로젝트 | E1: 카테고리 | F1: ★최중요 | G1: 업무내용 (무엇을 + 왜) | H1: 상태 | I1: 산출물 (Output) | J1: 의미 (Outcome) | K1: 목표대비% | L1: 근거구분 | M1: 이슈 / Risk | N1: 내일 Priority | O1: Decision 요청 (옵션+추천+기한) | P1: Support 요청 (무엇·언제까지·왜)

Sheet 3.주간보고
A1: 주차 | B1: 이름 | C1: 팀 | D1: 프로젝트 | E1: ① 프로젝트 목표 (성공 기준) | F1: ② 이번 주 핵심 변화 (한 문장) | G1: ③ 성과 (Output + Outcome) | H1: ④ 실패 (계획대로 안 된 것) | I1: ⑤ 배운 점 (재사용 가능한 형태로) | J1: ⑥ 다음 주 핵심 목표 (1개) | K1: ⑦ 대표 의사결정 요청 (옵션+추천+기한, 없으면 "없음")

Sheet 4.작성예시
B2: 작성예시 — 실제 축적 보고 데이터 기반 (익명화)
B3: Before = 실제 제출된 보고 원문 / After = Reporting OS 기준 재작성. 어떤 정보가 추가됐는지에 주목할 것.
B5: 사례 1 — Decision: "컨펌 필요"에서 "결정 가능한 요청"으로 (운영팀 A)
B6: 구분 | C6: Before — 실제 보고 원문 | D6: After — Reporting OS 재작성 | E6: 핵심 차이
B7: 보고 내용 | C7: 이슈/Decision 기재: "CCTV 1층으로 내려서 사용 가능" → 대표가 되물을 수밖에 없다: 그래서 뭘 결정하면 되지? 비용은? 언제까지? | D7: Decision 요청: "2층 CCTV 처리 결정 요청 (기한: 이번 주 금) · A안 — 현행 유지: 추가 비용 없음, 2층 공실 기간에도 관제 유지 · B안 — 1층 이전: 1층 관제 강화, 단 철거·이설 비용 발생 (견적 확인 필요) · 추천: B안. 1층 운영 비중이 높아짐 (의견)" | E7: 옵션 2개 + 추천안 + 기한. 대표는 읽고 바로 고를 수 있다. Decision 20점의 조건.
B9: 사례 2 — Risk: "완료 못함"에서 "만회 가능한 리스크"로 (기획팀 B)
B10: 구분 | C10: Before — 실제 보고 원문 | D10: After — Reporting OS 재작성 | E10: 핵심 차이
B11: 보고 내용 | C11: 산출물: "1차시안 1개" 이슈: "원래 3개 시안 및 컬러 나오기로 했는데 오늘 완료 못함" → 얼마나 밀린 건지, 무엇에 영향이 가는지, 어떻게 만회할지 없다. | D11: 산출물: 1차 시안 1개 (계획 3개 대비 33% — 사실) 이슈/Risk: 이 속도면 컬러 확정이 2일 지연, 이후 발주 일정에 연쇄 영향 예상 (의견) 내일 Priority: ★오전 시안 2개 우선 작업으로 당일 만회 Decision 요청: 없음 (만회 계획으로 흡수) | E11: 사실(33%)과 의견(지연 예상)을 구분하고 영향 + 대응까지. "없음"도 판단 결과로 명시.
B13: 사례 3 — Support: "AI가 막혔다"에서 "조직이 풀 문제"로 (기획팀 C)
B14: 구분 | C14: Before — 실제 보고 원문 | D14: After — Reporting OS 재작성 | E14: 핵심 차이
B15: 보고 내용 | C15: 블로커: "오늘 클로드가 막히면서 늦게 시작했고, 새로 계정을 만들고 작업 착수하느라 시간이 걸렸고, 클로드가 토큰이 모자라서 마지막 자료를 잘 정리하지 못했어" → 사실·의견·요청이 한 문장에 섞여 있고, 요청이 없다. | D15: 이슈/Risk (사실): 클로드 토큰 소진으로 약 2시간 작업 중단, 신규 계정 생성 30분 소요 (의견): 토큰 한도가 늘지 않으면 이번 주 내 반복될 것 Support 요청: 팀 공용 AI 토큰 확충 검토 (이번 주 내 — 같은 주 3명이 동일 블로커 보고) | E15: 개인의 하소연이 조직 Risk로 승격. 실제로 같은 주 3명이 같은 블로커를 보고했다 — 구조화하면 조직이 움직일 수 있다.
B17: 잘 쓴 보고 실례 — 이미 우리 조직에서 나온 좋은 보고들 (익명화, 일부 항목 보완)
B18: 프로젝트 | C18: 업무내용 (무엇을 + 왜) | D18: 산출물 (Output) | E18: 의미 (Outcome)
B19: 청명주 VIP 패키지 | C19: 패키지 제작 기획안 + 제작 방식 비교 — 업체 선정 결정을 위한 재료 | D19: 기획안, 제작 방식 요약, 오동나무/허니콤보드 견적 비교, ALT별 예산표 | E19: 업체별 단가·기간·리스크·7/30 납품 타임라인까지 정리 → 업체 선정 결정이 가능해짐
B20: 섬 팝업 | C20: 썸띵한상 제안 프레젠테이션 제작 | D20: 제안 PT 33장 (pptx/html) | E20: 협상 반영 내용을 16:9 발표용 덱으로 정리 → 3자 회의·보고에 즉시 활용
B21: CJ×KBO 팝업 | C21: 탁송차량 확보 — 행사 물류 확정을 위해 | D21: 1안 트럭형 120만원 확보, 2안(-20만원) 서치 중 | E21: 조사 후 2~3가지로 정리해 비용 비교 결정 가능. 이슈: 기사 신뢰도 확인 필요
B22: 세스크멘슬 | C22: 주방가구 도면 정리 — 내일 주방업체 미팅 자료 | D22: 캐드도면, PDF, 참고 현장 사진 | E22: 미팅 자료로 팀장 공유 완료 → 업체 미팅에서 바로 논의 가능
B23: GS타워 R BOOKS | C23: 도서 판매 데이터 분석 — 7월 리뉴얼 근거 확보 | D23: 판매 분석 보고서 | E23: 재고 기준 정리 → 판매 분석 → 가설·개선안 도출, 리뉴얼 대상 카테고리 후보 확정
B24: 정부사업 (K-Startup) | C24: 사업비 변경신청 PMS 등록 완료 | D24: 변경 등록 완료 (7종목 5,000만원 → 2종목 5,000만원) | E24: 비용처리 근거 확보 → CJ KBO건 집행 가능 상태로 전환

Sheet 5.ReportScore
B2: Report Score 자가채점 — 제출 전 1분
B3: 오늘 보고에 각 항목이 갖춰졌으면 O, 아니면 X. Risk·Decision·Support는 "없음"을 명시했어도 O.
B5: 항목 | C5: 배점 | D5: 체크 (O/X) | E5: 득점 | F5: 만점 기준
B6: ='1.코드표'!B28 | C6: ='1.코드표'!C28 | E6: =IF(D6="O",C6,0) | F6: ='1.코드표'!D28
B7: ='1.코드표'!B29 | C7: ='1.코드표'!C29 | E7: =IF(D7="O",C7,0) | F7: ='1.코드표'!D29
B8: ='1.코드표'!B30 | C8: ='1.코드표'!C30 | E8: =IF(D8="O",C8,0) | F8: ='1.코드표'!D30
B9: ='1.코드표'!B31 | C9: ='1.코드표'!C31 | E9: =IF(D9="O",C9,0) | F9: ='1.코드표'!D31
B10: ='1.코드표'!B32 | C10: ='1.코드표'!C32 | E10: =IF(D10="O",C10,0) | F10: ='1.코드표'!D32
B11: ='1.코드표'!B33 | C11: ='1.코드표'!C33 | E11: =IF(D11="O",C11,0) | F11: ='1.코드표'!D33
B12: ='1.코드표'!B34 | C12: ='1.코드표'!C34 | E12: =IF(D12="O",C12,0) | F12: ='1.코드표'!D34
B13: 오늘의 Report Score | E13: =SUM(E6:E12)
B16: 일별 기록 (점수 추이 + Thinking Cost)
B17: Thinking Cost = 보고를 받은 대표·팀장이 되물은 추가 질문 수 (상급자가 기입). KPI는 완료율이 아니라 추가 질문 감소율.
B18: 날짜 | C18: 이름 | D18: Report Score (자가) | E18: 추가 질문 수 (상급자 기입) | F18: 메모 (무엇을 되물었나 — 다음 보고에서 미리 답할 것)
